{
  "Loss": {
    "precision": 0.5073170731707317,
    "recall": 0.5810055865921788,
    "f1-score": 0.5416666666666666,
    "support": 179.0
  },
  "Draw": {
    "precision": 0.41379310344827586,
    "recall": 0.06666666666666667,
    "f1-score": 0.11483253588516747,
    "support": 180.0
  },
  "Win": {
    "precision": 0.5749385749385749,
    "recall": 0.8297872340425532,
    "f1-score": 0.6792452830188679,
    "support": 282.0
  },
  "accuracy": 0.5460218408736349,
  "macro avg": {
    "precision": 0.49868291718586083,
    "recall": 0.4924864957671329,
    "f1-score": 0.44524816185690064,
    "support": 641.0
  },
  "weighted avg": {
    "precision": 0.5108037329967687,
    "recall": 0.5460218408736349,
    "f1-score": 0.4823328542963873,
    "support": 641.0
  }
}