{
  "Loss": {
    "precision": 0.49246231155778897,
    "recall": 0.547486033519553,
    "f1-score": 0.5185185185185185,
    "support": 179.0
  },
  "Draw": {
    "precision": 0.41509433962264153,
    "recall": 0.12222222222222222,
    "f1-score": 0.1888412017167382,
    "support": 180.0
  },
  "Win": {
    "precision": 0.5784061696658098,
    "recall": 0.7978723404255319,
    "f1-score": 0.6706408345752608,
    "support": 282.0
  },
  "accuracy": 0.5382215288611545,
  "macro avg": {
    "precision": 0.4953209402820801,
    "recall": 0.48919353205576904,
    "f1-score": 0.45933351827017255,
    "support": 641.0
  },
  "weighted avg": {
    "precision": 0.5085464504628363,
    "recall": 0.5382215288611545,
    "f1-score": 0.49286575112956515,
    "support": 641.0
  }
}